date,calendar_type,event_name,is_working_day
2005-01-01,Canada,New Year's Day,1
2005-01-01,US,New Year's Day,1
2005-01-17,US,MLK Day,1
2005-02-21,US,Presidents' Day,1
2005-03-25,Canada,Good Friday,1
2005-05-23,Canada,Victoria Day,1
2005-05-30,Company,Memorial Day,0
2005-05-30,US,Memorial Day,1
2005-07-01,Canada,Canada Day,1
2005-07-04,Company,Independence Day,0
2005-07-04,US,Independence Day,1
2005-08-01,Canada,Civic Holiday,1
2005-09-05,Canada,Labour Day,1
2005-09-05,Company,Labor Day,0
2005-09-05,US,Labor Day,1
2005-10-10,Canada,Canadian Thanksgiving,1
2005-11-24,Company,Thanksgiving,0
2005-11-24,US,Thanksgiving,1
2005-11-25,Company,Day after Thanksgiving,0
2005-11-25,US,Day after Thanksgiving,1
2005-12-25,Canada,Christmas Day,1
2005-12-25,US,Christmas Day,1
2005-12-26,Canada,Boxing Day,1
2005-12-26,Company,Christmas Day (Observed),0
2006-01-01,Canada,New Year's Day,1
2006-01-01,US,New Year's Day,1
2006-01-02,Company,New Year's Day (Observed),0
2006-01-16,US,MLK Day,1
2006-02-20,US,Presidents' Day,1
2006-04-14,Canada,Good Friday,1
2006-05-22,Canada,Victoria Day,1
2006-05-29,Company,Memorial Day,0
2006-05-29,US,Memorial Day,1
2006-07-01,Canada,Canada Day,1
2006-07-04,Company,Independence Day,0
2006-07-04,US,Independence Day,1
2006-08-07,Canada,Civic Holiday,1
2006-09-04,Canada,Labour Day,1
2006-09-04,Company,Labor Day,0
2006-09-04,US,Labor Day,1
2006-10-09,Canada,Canadian Thanksgiving,1
2006-11-23,Company,Thanksgiving,0
2006-11-23,US,Thanksgiving,1
2006-11-24,Company,Day after Thanksgiving,0
2006-11-24,US,Day after Thanksgiving,1
2006-12-25,Canada,Christmas Day,1
2006-12-25,Company,Christmas Day,0
2006-12-25,US,Christmas Day,1
2006-12-26,Canada,Boxing Day,1
2007-01-01,Canada,New Year's Day,1
2007-01-01,Company,New Year's Day,0
2007-01-01,US,New Year's Day,1
2007-01-15,US,MLK Day,1
2007-02-19,US,Presidents' Day,1
2007-04-06,Canada,Good Friday,1
2007-05-21,Canada,Victoria Day,1
2007-05-28,Company,Memorial Day,0
2007-05-28,US,Memorial Day,1
2007-07-01,Canada,Canada Day,1
2007-07-04,Company,Independence Day,0
2007-07-04,US,Independence Day,1
2007-08-06,Canada,Civic Holiday,1
2007-09-03,Canada,Labour Day,1
2007-09-03,Company,Labor Day,0
2007-09-03,US,Labor Day,1
2007-10-08,Canada,Canadian Thanksgiving,1
2007-11-22,Company,Thanksgiving,0
2007-11-22,US,Thanksgiving,1
2007-11-23,Company,Day after Thanksgiving,0
2007-11-23,US,Day after Thanksgiving,1
2007-12-25,Canada,Christmas Day,1
2007-12-25,Company,Christmas Day,0
2007-12-25,US,Christmas Day,1
2007-12-26,Canada,Boxing Day,1
2008-01-01,Canada,New Year's Day,1
2008-01-01,Company,New Year's Day,0
2008-01-01,US,New Year's Day,1
2008-01-21,US,MLK Day,1
2008-02-18,US,Presidents' Day,1
2008-03-21,Canada,Good Friday,1
2008-05-19,Canada,Victoria Day,1
2008-05-26,Company,Memorial Day,0
2008-05-26,US,Memorial Day,1
2008-07-01,Canada,Canada Day,1
2008-07-04,Company,Independence Day,0
2008-07-04,US,Independence Day,1
2008-08-04,Canada,Civic Holiday,1
2008-09-01,Canada,Labour Day,1
2008-09-01,Company,Labor Day,0
2008-09-01,US,Labor Day,1
2008-10-13,Canada,Canadian Thanksgiving,1
2008-11-27,Company,Thanksgiving,0
2008-11-27,US,Thanksgiving,1
2008-11-28,Company,Day after Thanksgiving,0
2008-11-28,US,Day after Thanksgiving,1
2008-12-25,Canada,Christmas Day,1
2008-12-25,Company,Christmas Day,0
2008-12-25,US,Christmas Day,1
2008-12-26,Canada,Boxing Day,1
2009-01-01,Canada,New Year's Day,1
2009-01-01,Company,New Year's Day,0
2009-01-01,US,New Year's Day,1
2009-01-19,US,MLK Day,1
2009-02-16,US,Presidents' Day,1
2009-04-10,Canada,Good Friday,1
2009-05-18,Canada,Victoria Day,1
2009-05-25,Company,Memorial Day,0
2009-05-25,US,Memorial Day,1
2009-07-01,Canada,Canada Day,1
2009-07-03,Company,Independence Day (Observed),0
2009-07-04,US,Independence Day,1
2009-08-03,Canada,Civic Holiday,1
2009-09-07,Canada,Labour Day,1
2009-09-07,Company,Labor Day,0
2009-09-07,US,Labor Day,1
2009-10-12,Canada,Canadian Thanksgiving,1
2009-11-26,Company,Thanksgiving,0
2009-11-26,US,Thanksgiving,1
2009-11-27,Company,Day after Thanksgiving,0
2009-11-27,US,Day after Thanksgiving,1
2009-12-25,Canada,Christmas Day,1
2009-12-25,Company,Christmas Day,0
2009-12-25,US,Christmas Day,1
2009-12-26,Canada,Boxing Day,1
2010-01-01,Canada,New Year's Day,1
2010-01-01,Company,New Year's Day,0
2010-01-01,US,New Year's Day,1
2010-01-18,US,MLK Day,1
2010-02-15,US,Presidents' Day,1
2010-04-02,Canada,Good Friday,1
2010-05-24,Canada,Victoria Day,1
2010-05-31,Company,Memorial Day,0
2010-05-31,US,Memorial Day,1
2010-07-01,Canada,Canada Day,1
2010-07-04,US,Independence Day,1
2010-07-05,Company,Independence Day (Observed),0
2010-08-02,Canada,Civic Holiday,1
2010-09-06,Canada,Labour Day,1
2010-09-06,Company,Labor Day,0
2010-09-06,US,Labor Day,1
2010-10-11,Canada,Canadian Thanksgiving,1
2010-11-25,Company,Thanksgiving,0
2010-11-25,US,Thanksgiving,1
2010-11-26,Company,Day after Thanksgiving,0
2010-11-26,US,Day after Thanksgiving,1
2010-12-24,Company,Christmas Day (Observed),0
2010-12-25,Canada,Christmas Day,1
2010-12-25,US,Christmas Day,1
2010-12-26,Canada,Boxing Day,1
2010-12-31,Company,New Year's Day (Observed),0
2011-01-01,Canada,New Year's Day,1
2011-01-01,US,New Year's Day,1
2011-01-17,US,MLK Day,1
2011-02-21,US,Presidents' Day,1
2011-04-22,Canada,Good Friday,1
2011-05-23,Canada,Victoria Day,1
2011-05-30,Company,Memorial Day,0
2011-05-30,US,Memorial Day,1
2011-07-01,Canada,Canada Day,1
2011-07-04,Company,Independence Day,0
2011-07-04,US,Independence Day,1
2011-08-01,Canada,Civic Holiday,1
2011-09-05,Canada,Labour Day,1
2011-09-05,Company,Labor Day,0
2011-09-05,US,Labor Day,1
2011-10-10,Canada,Canadian Thanksgiving,1
2011-11-24,Company,Thanksgiving,0
2011-11-24,US,Thanksgiving,1
2011-11-25,Company,Day after Thanksgiving,0
2011-11-25,US,Day after Thanksgiving,1
2011-12-25,Canada,Christmas Day,1
2011-12-25,US,Christmas Day,1
2011-12-26,Canada,Boxing Day,1
2011-12-26,Company,Christmas Day (Observed),0
2012-01-01,Canada,New Year's Day,1
2012-01-01,US,New Year's Day,1
2012-01-02,Company,New Year's Day (Observed),0
2012-01-16,US,MLK Day,1
2012-02-20,US,Presidents' Day,1
2012-04-06,Canada,Good Friday,1
2012-05-21,Canada,Victoria Day,1
2012-05-28,Company,Memorial Day,0
2012-05-28,US,Memorial Day,1
2012-07-01,Canada,Canada Day,1
2012-07-04,Company,Independence Day,0
2012-07-04,US,Independence Day,1
2012-08-06,Canada,Civic Holiday,1
2012-09-03,Canada,Labour Day,1
2012-09-03,Company,Labor Day,0
2012-09-03,US,Labor Day,1
2012-10-08,Canada,Canadian Thanksgiving,1
2012-11-22,Company,Thanksgiving,0
2012-11-22,US,Thanksgiving,1
2012-11-23,Company,Day after Thanksgiving,0
2012-11-23,US,Day after Thanksgiving,1
2012-12-25,Canada,Christmas Day,1
2012-12-25,Company,Christmas Day,0
2012-12-25,US,Christmas Day,1
2012-12-26,Canada,Boxing Day,1
2013-01-01,Canada,New Year's Day,1
2013-01-01,Company,New Year's Day,0
2013-01-01,US,New Year's Day,1
2013-01-21,US,MLK Day,1
2013-02-18,US,Presidents' Day,1
2013-03-29,Canada,Good Friday,1
2013-05-20,Canada,Victoria Day,1
2013-05-27,Company,Memorial Day,0
2013-05-27,US,Memorial Day,1
2013-07-01,Canada,Canada Day,1
2013-07-04,Company,Independence Day,0
2013-07-04,US,Independence Day,1
2013-08-05,Canada,Civic Holiday,1
2013-09-02,Canada,Labour Day,1
2013-09-02,Company,Labor Day,0
2013-09-02,US,Labor Day,1
2013-10-14,Canada,Canadian Thanksgiving,1
2013-11-28,Company,Thanksgiving,0
2013-11-28,US,Thanksgiving,1
2013-11-29,Company,Day after Thanksgiving,0
2013-11-29,US,Day after Thanksgiving,1
2013-12-25,Canada,Christmas Day,1
2013-12-25,Company,Christmas Day,0
2013-12-25,US,Christmas Day,1
2013-12-26,Canada,Boxing Day,1
2014-01-01,Canada,New Year's Day,1
2014-01-01,Company,New Year's Day,0
2014-01-01,US,New Year's Day,1
2014-01-20,US,MLK Day,1
2014-02-17,US,Presidents' Day,1
2014-04-18,Canada,Good Friday,1
2014-05-19,Canada,Victoria Day,1
2014-05-26,Company,Memorial Day,0
2014-05-26,US,Memorial Day,1
2014-07-01,Canada,Canada Day,1
2014-07-04,Company,Independence Day,0
2014-07-04,US,Independence Day,1
2014-08-04,Canada,Civic Holiday,1
2014-09-01,Canada,Labour Day,1
2014-09-01,Company,Labor Day,0
2014-09-01,US,Labor Day,1
2014-10-13,Canada,Canadian Thanksgiving,1
2014-11-27,Company,Thanksgiving,0
2014-11-27,US,Thanksgiving,1
2014-11-28,Company,Day after Thanksgiving,0
2014-11-28,US,Day after Thanksgiving,1
2014-12-25,Canada,Christmas Day,1
2014-12-25,Company,Christmas Day,0
2014-12-25,US,Christmas Day,1
2014-12-26,Canada,Boxing Day,1
2015-01-01,Canada,New Year's Day,1
2015-01-01,Company,New Year's Day,0
2015-01-01,US,New Year's Day,1
2015-01-19,US,MLK Day,1
2015-02-16,US,Presidents' Day,1
2015-04-03,Canada,Good Friday,1
2015-05-18,Canada,Victoria Day,1
2015-05-25,Company,Memorial Day,0
2015-05-25,US,Memorial Day,1
2015-07-01,Canada,Canada Day,1
2015-07-03,Company,Independence Day (Observed),0
2015-07-04,US,Independence Day,1
2015-08-03,Canada,Civic Holiday,1
2015-09-07,Canada,Labour Day,1
2015-09-07,Company,Labor Day,0
2015-09-07,US,Labor Day,1
2015-10-12,Canada,Canadian Thanksgiving,1
2015-11-26,Company,Thanksgiving,0
2015-11-26,US,Thanksgiving,1
2015-11-27,Company,Day after Thanksgiving,0
2015-11-27,US,Day after Thanksgiving,1
2015-12-25,Canada,Christmas Day,1
2015-12-25,Company,Christmas Day,0
2015-12-25,US,Christmas Day,1
2015-12-26,Canada,Boxing Day,1
2016-01-01,Canada,New Year's Day,1
2016-01-01,Company,New Year's Day,0
2016-01-01,US,New Year's Day,1
2016-01-18,US,MLK Day,1
2016-02-15,US,Presidents' Day,1
2016-03-25,Canada,Good Friday,1
2016-05-23,Canada,Victoria Day,1
2016-05-30,Company,Memorial Day,0
2016-05-30,US,Memorial Day,1
2016-07-01,Canada,Canada Day,1
2016-07-04,Company,Independence Day,0
2016-07-04,US,Independence Day,1
2016-08-01,Canada,Civic Holiday,1
2016-09-05,Canada,Labour Day,1
2016-09-05,Company,Labor Day,0
2016-09-05,US,Labor Day,1
2016-10-10,Canada,Canadian Thanksgiving,1
2016-11-24,Company,Thanksgiving,0
2016-11-24,US,Thanksgiving,1
2016-11-25,Company,Day after Thanksgiving,0
2016-11-25,US,Day after Thanksgiving,1
2016-12-25,Canada,Christmas Day,1
2016-12-25,US,Christmas Day,1
2016-12-26,Canada,Boxing Day,1
2016-12-26,Company,Christmas Day (Observed),0
2017-01-01,Canada,New Year's Day,1
2017-01-01,US,New Year's Day,1
2017-01-02,Company,New Year's Day (Observed),0
2017-01-16,US,MLK Day,1
2017-02-20,US,Presidents' Day,1
2017-04-14,Canada,Good Friday,1
2017-05-22,Canada,Victoria Day,1
2017-05-29,Company,Memorial Day,0
2017-05-29,US,Memorial Day,1
2017-07-01,Canada,Canada Day,1
2017-07-04,Company,Independence Day,0
2017-07-04,US,Independence Day,1
2017-08-07,Canada,Civic Holiday,1
2017-09-04,Canada,Labour Day,1
2017-09-04,Company,Labor Day,0
2017-09-04,US,Labor Day,1
2017-10-09,Canada,Canadian Thanksgiving,1
2017-11-23,Company,Thanksgiving,0
2017-11-23,US,Thanksgiving,1
2017-11-24,Company,Day after Thanksgiving,0
2017-11-24,US,Day after Thanksgiving,1
2017-12-25,Canada,Christmas Day,1
2017-12-25,Company,Christmas Day,0
2017-12-25,US,Christmas Day,1
2017-12-26,Canada,Boxing Day,1
2018-01-01,Canada,New Year's Day,1
2018-01-01,Company,New Year's Day,0
2018-01-01,US,New Year's Day,1
2018-01-15,US,MLK Day,1
2018-02-19,US,Presidents' Day,1
2018-03-30,Canada,Good Friday,1
2018-05-21,Canada,Victoria Day,1
2018-05-28,Company,Memorial Day,0
2018-05-28,US,Memorial Day,1
2018-07-01,Canada,Canada Day,1
2018-07-04,Company,Independence Day,0
2018-07-04,US,Independence Day,1
2018-08-06,Canada,Civic Holiday,1
2018-09-03,Canada,Labour Day,1
2018-09-03,Company,Labor Day,0
2018-09-03,US,Labor Day,1
2018-10-08,Canada,Canadian Thanksgiving,1
2018-11-22,Company,Thanksgiving,0
2018-11-22,US,Thanksgiving,1
2018-11-23,Company,Day after Thanksgiving,0
2018-11-23,US,Day after Thanksgiving,1
2018-12-25,Canada,Christmas Day,1
2018-12-25,Company,Christmas Day,0
2018-12-25,US,Christmas Day,1
2018-12-26,Canada,Boxing Day,1
2019-01-01,Canada,New Year's Day,1
2019-01-01,Company,New Year's Day,0
2019-01-01,US,New Year's Day,1
2019-01-21,US,MLK Day,1
2019-02-18,US,Presidents' Day,1
2019-04-19,Canada,Good Friday,1
2019-05-20,Canada,Victoria Day,1
2019-05-27,Company,Memorial Day,0
2019-05-27,US,Memorial Day,1
2019-07-01,Canada,Canada Day,1
2019-07-04,Company,Independence Day,0
2019-07-04,US,Independence Day,1
2019-08-05,Canada,Civic Holiday,1
2019-09-02,Canada,Labour Day,1
2019-09-02,Company,Labor Day,0
2019-09-02,US,Labor Day,1
2019-10-14,Canada,Canadian Thanksgiving,1
2019-11-28,Company,Thanksgiving,0
2019-11-28,US,Thanksgiving,1
2019-11-29,Company,Day after Thanksgiving,0
2019-11-29,US,Day after Thanksgiving,1
2019-12-25,Canada,Christmas Day,1
2019-12-25,Company,Christmas Day,0
2019-12-25,US,Christmas Day,1
2019-12-26,Canada,Boxing Day,1
2020-01-01,Canada,New Year's Day,1
2020-01-01,Company,New Year's Day,0
2020-01-01,US,New Year's Day,1
2020-01-20,US,MLK Day,1
2020-02-17,US,Presidents' Day,1
2020-04-10,Canada,Good Friday,1
2020-05-18,Canada,Victoria Day,1
2020-05-25,Company,Memorial Day,0
2020-05-25,US,Memorial Day,1
2020-07-01,Canada,Canada Day,1
2020-07-03,Company,Independence Day (Observed),0
2020-07-04,US,Independence Day,1
2020-08-03,Canada,Civic Holiday,1
2020-09-07,Canada,Labour Day,1
2020-09-07,Company,Labor Day,0
2020-09-07,US,Labor Day,1
2020-10-12,Canada,Canadian Thanksgiving,1
2020-11-26,Company,Thanksgiving,0
2020-11-26,US,Thanksgiving,1
2020-11-27,Company,Day after Thanksgiving,0
2020-11-27,US,Day after Thanksgiving,1
2020-12-25,Canada,Christmas Day,1
2020-12-25,Company,Christmas Day,0
2020-12-25,US,Christmas Day,1
2020-12-26,Canada,Boxing Day,1
2021-01-01,Canada,New Year's Day,1
2021-01-01,Company,New Year's Day,0
2021-01-01,US,New Year's Day,1
2021-01-18,US,MLK Day,1
2021-02-15,US,Presidents' Day,1
2021-04-02,Canada,Good Friday,1
2021-05-24,Canada,Victoria Day,1
2021-05-31,Company,Memorial Day,0
2021-05-31,US,Memorial Day,1
2021-06-19,US,Juneteenth,1
2021-07-01,Canada,Canada Day,1
2021-07-04,US,Independence Day,1
2021-07-05,Company,Independence Day (Observed),0
2021-08-02,Canada,Civic Holiday,1
2021-09-06,Canada,Labour Day,1
2021-09-06,Company,Labor Day,0
2021-09-06,US,Labor Day,1
2021-09-30,Canada,National Day for Truth and Reconciliation,1
2021-10-11,Canada,Canadian Thanksgiving,1
2021-11-25,Company,Thanksgiving,0
2021-11-25,US,Thanksgiving,1
2021-11-26,Company,Day after Thanksgiving,0
2021-11-26,US,Day after Thanksgiving,1
2021-12-24,Company,Christmas Day (Observed),0
2021-12-25,Canada,Christmas Day,1
2021-12-25,US,Christmas Day,1
2021-12-26,Canada,Boxing Day,1
2021-12-31,Company,New Year's Day (Observed),0
2022-01-01,Canada,New Year's Day,1
2022-01-01,US,New Year's Day,1
2022-01-17,US,MLK Day,1
2022-02-21,US,Presidents' Day,1
2022-04-15,Canada,Good Friday,1
2022-05-23,Canada,Victoria Day,1
2022-05-30,Company,Memorial Day,0
2022-05-30,US,Memorial Day,1
2022-06-19,US,Juneteenth,1
2022-07-01,Canada,Canada Day,1
2022-07-04,Company,Independence Day,0
2022-07-04,US,Independence Day,1
2022-08-01,Canada,Civic Holiday,1
2022-09-05,Canada,Labour Day,1
2022-09-05,Company,Labor Day,0
2022-09-05,US,Labor Day,1
2022-09-30,Canada,National Day for Truth and Reconciliation,1
2022-10-10,Canada,Canadian Thanksgiving,1
2022-11-24,Company,Thanksgiving,0
2022-11-24,US,Thanksgiving,1
2022-11-25,Company,Day after Thanksgiving,0
2022-11-25,US,Day after Thanksgiving,1
2022-12-25,Canada,Christmas Day,1
2022-12-25,US,Christmas Day,1
2022-12-26,Canada,Boxing Day,1
2022-12-26,Company,Christmas Day (Observed),0
2023-01-01,Canada,New Year's Day,1
2023-01-01,US,New Year's Day,1
2023-01-02,Company,New Year's Day (Observed),0
2023-01-16,US,MLK Day,1
2023-02-20,US,Presidents' Day,1
2023-04-07,Canada,Good Friday,1
2023-05-22,Canada,Victoria Day,1
2023-05-29,Company,Memorial Day,0
2023-05-29,US,Memorial Day,1
2023-06-19,US,Juneteenth,1
2023-07-01,Canada,Canada Day,1
2023-07-04,Company,Independence Day,0
2023-07-04,US,Independence Day,1
2023-08-07,Canada,Civic Holiday,1
2023-09-04,Canada,Labour Day,1
2023-09-04,Company,Labor Day,0
2023-09-04,US,Labor Day,1
2023-09-30,Canada,National Day for Truth and Reconciliation,1
2023-10-09,Canada,Canadian Thanksgiving,1
2023-11-23,Company,Thanksgiving,0
2023-11-23,US,Thanksgiving,1
2023-11-24,Company,Day after Thanksgiving,0
2023-11-24,US,Day after Thanksgiving,1
2023-12-25,Canada,Christmas Day,1
2023-12-25,Company,Christmas Day,0
2023-12-25,US,Christmas Day,1
2023-12-26,Canada,Boxing Day,1
2024-01-01,Canada,New Year's Day,1
2024-01-01,Company,New Year's Day,0
2024-01-01,US,New Year's Day,1
2024-01-15,US,MLK Day,1
2024-02-19,US,Presidents' Day,1
2024-03-29,Canada,Good Friday,1
2024-05-20,Canada,Victoria Day,1
2024-05-27,Company,Memorial Day,0
2024-05-27,US,Memorial Day,1
2024-06-19,US,Juneteenth,1
2024-07-01,Canada,Canada Day,1
2024-07-04,Company,Independence Day,0
2024-07-04,US,Independence Day,1
2024-08-05,Canada,Civic Holiday,1
2024-09-02,Canada,Labour Day,1
2024-09-02,Company,Labor Day,0
2024-09-02,US,Labor Day,1
2024-09-30,Canada,National Day for Truth and Reconciliation,1
2024-10-14,Canada,Canadian Thanksgiving,1
2024-11-28,Company,Thanksgiving,0
2024-11-28,US,Thanksgiving,1
2024-11-29,Company,Day after Thanksgiving,0
2024-11-29,US,Day after Thanksgiving,1
2024-12-25,Canada,Christmas Day,1
2024-12-25,Company,Christmas Day,0
2024-12-25,US,Christmas Day,1
2024-12-26,Canada,Boxing Day,1
2025-01-01,Canada,New Year's Day,1
2025-01-01,Company,New Year's Day,0
2025-01-01,US,New Year's Day,1
2025-01-20,US,MLK Day,1
2025-02-17,US,Presidents' Day,1
2025-04-18,Canada,Good Friday,1
2025-05-19,Canada,Victoria Day,1
2025-05-26,Company,Memorial Day,0
2025-05-26,US,Memorial Day,1
2025-06-19,US,Juneteenth,1
2025-07-01,Canada,Canada Day,1
2025-07-04,Company,Independence Day,0
2025-07-04,US,Independence Day,1
2025-08-04,Canada,Civic Holiday,1
2025-09-01,Canada,Labour Day,1
2025-09-01,Company,Labor Day,0
2025-09-01,US,Labor Day,1
2025-09-30,Canada,National Day for Truth and Reconciliation,1
2025-10-13,Canada,Canadian Thanksgiving,1
2025-11-27,Company,Thanksgiving,0
2025-11-27,US,Thanksgiving,1
2025-11-28,Company,Day after Thanksgiving,0
2025-11-28,US,Day after Thanksgiving,1
2025-12-25,Canada,Christmas Day,1
2025-12-25,Company,Christmas Day,0
2025-12-25,US,Christmas Day,1
2025-12-26,Canada,Boxing Day,1
2026-01-01,Canada,New Year's Day,1
2026-01-01,Company,New Year's Day,0
2026-01-01,US,New Year's Day,1
2026-01-19,US,MLK Day,1
2026-02-16,US,Presidents' Day,1
2026-04-03,Canada,Good Friday,1
2026-05-18,Canada,Victoria Day,1
2026-05-25,Company,Memorial Day,0
2026-05-25,US,Memorial Day,1
2026-06-19,US,Juneteenth,1
2026-07-01,Canada,Canada Day,1
2026-07-03,Company,Independence Day (Observed),0
2026-07-04,US,Independence Day,1
2026-08-03,Canada,Civic Holiday,1
2026-09-07,Canada,Labour Day,1
2026-09-07,Company,Labor Day,0
2026-09-07,US,Labor Day,1
2026-09-30,Canada,National Day for Truth and Reconciliation,1
2026-10-12,Canada,Canadian Thanksgiving,1
2026-11-26,Company,Thanksgiving,0
2026-11-26,US,Thanksgiving,1
2026-11-27,Company,Day after Thanksgiving,0
2026-11-27,US,Day after Thanksgiving,1
2026-12-25,Canada,Christmas Day,1
2026-12-25,Company,Christmas Day,0
2026-12-25,US,Christmas Day,1
2026-12-26,Canada,Boxing Day,1
2027-01-01,Canada,New Year's Day,1
2027-01-01,Company,New Year's Day,0
2027-01-01,US,New Year's Day,1
2027-01-18,US,MLK Day,1
2027-02-15,US,Presidents' Day,1
2027-03-26,Canada,Good Friday,1
2027-05-24,Canada,Victoria Day,1
2027-05-31,Company,Memorial Day,0
2027-05-31,US,Memorial Day,1
2027-06-19,US,Juneteenth,1
2027-07-01,Canada,Canada Day,1
2027-07-04,US,Independence Day,1
2027-07-05,Company,Independence Day (Observed),0
2027-08-02,Canada,Civic Holiday,1
2027-09-06,Canada,Labour Day,1
2027-09-06,Company,Labor Day,0
2027-09-06,US,Labor Day,1
2027-09-30,Canada,National Day for Truth and Reconciliation,1
2027-10-11,Canada,Canadian Thanksgiving,1
2027-11-25,Company,Thanksgiving,0
2027-11-25,US,Thanksgiving,1
2027-11-26,Company,Day after Thanksgiving,0
2027-11-26,US,Day after Thanksgiving,1
2027-12-24,Company,Christmas Day (Observed),0
2027-12-25,Canada,Christmas Day,1
2027-12-25,US,Christmas Day,1
2027-12-26,Canada,Boxing Day,1
2027-12-31,Company,New Year's Day (Observed),0
2028-01-01,Canada,New Year's Day,1
2028-01-01,US,New Year's Day,1
2028-01-17,US,MLK Day,1
2028-02-21,US,Presidents' Day,1
2028-04-14,Canada,Good Friday,1
2028-05-22,Canada,Victoria Day,1
2028-05-29,Company,Memorial Day,0
2028-05-29,US,Memorial Day,1
2028-06-19,US,Juneteenth,1
2028-07-01,Canada,Canada Day,1
2028-07-04,Company,Independence Day,0
2028-07-04,US,Independence Day,1
2028-08-07,Canada,Civic Holiday,1
2028-09-04,Canada,Labour Day,1
2028-09-04,Company,Labor Day,0
2028-09-04,US,Labor Day,1
2028-09-30,Canada,National Day for Truth and Reconciliation,1
2028-10-09,Canada,Canadian Thanksgiving,1
2028-11-23,Company,Thanksgiving,0
2028-11-23,US,Thanksgiving,1
2028-11-24,Company,Day after Thanksgiving,0
2028-11-24,US,Day after Thanksgiving,1
2028-12-25,Canada,Christmas Day,1
2028-12-25,Company,Christmas Day,0
2028-12-25,US,Christmas Day,1
2028-12-26,Canada,Boxing Day,1
2029-01-01,Canada,New Year's Day,1
2029-01-01,Company,New Year's Day,0
2029-01-01,US,New Year's Day,1
2029-01-15,US,MLK Day,1
2029-02-19,US,Presidents' Day,1
2029-03-30,Canada,Good Friday,1
2029-05-21,Canada,Victoria Day,1
2029-05-28,Company,Memorial Day,0
2029-05-28,US,Memorial Day,1
2029-06-19,US,Juneteenth,1
2029-07-01,Canada,Canada Day,1
2029-07-04,Company,Independence Day,0
2029-07-04,US,Independence Day,1
2029-08-06,Canada,Civic Holiday,1
2029-09-03,Canada,Labour Day,1
2029-09-03,Company,Labor Day,0
2029-09-03,US,Labor Day,1
2029-09-30,Canada,National Day for Truth and Reconciliation,1
2029-10-08,Canada,Canadian Thanksgiving,1
2029-11-22,Company,Thanksgiving,0
2029-11-22,US,Thanksgiving,1
2029-11-23,Company,Day after Thanksgiving,0
2029-11-23,US,Day after Thanksgiving,1
2029-12-25,Canada,Christmas Day,1
2029-12-25,Company,Christmas Day,0
2029-12-25,US,Christmas Day,1
2029-12-26,Canada,Boxing Day,1
2030-01-01,Canada,New Year's Day,1
2030-01-01,Company,New Year's Day,0
2030-01-01,US,New Year's Day,1
2030-01-21,US,MLK Day,1
2030-02-18,US,Presidents' Day,1
2030-04-19,Canada,Good Friday,1
2030-05-20,Canada,Victoria Day,1
2030-05-27,Company,Memorial Day,0
2030-05-27,US,Memorial Day,1
2030-06-19,US,Juneteenth,1
2030-07-01,Canada,Canada Day,1
2030-07-04,Company,Independence Day,0
2030-07-04,US,Independence Day,1
2030-08-05,Canada,Civic Holiday,1
2030-09-02,Canada,Labour Day,1
2030-09-02,Company,Labor Day,0
2030-09-02,US,Labor Day,1
2030-09-30,Canada,National Day for Truth and Reconciliation,1
2030-10-14,Canada,Canadian Thanksgiving,1
2030-11-28,Company,Thanksgiving,0
2030-11-28,US,Thanksgiving,1
2030-11-29,Company,Day after Thanksgiving,0
2030-11-29,US,Day after Thanksgiving,1
2030-12-25,Canada,Christmas Day,1
2030-12-25,Company,Christmas Day,0
2030-12-25,US,Christmas Day,1
2030-12-26,Canada,Boxing Day,1
2031-01-01,Canada,New Year's Day,1
2031-01-01,Company,New Year's Day,0
2031-01-01,US,New Year's Day,1
2031-01-20,US,MLK Day,1
2031-02-17,US,Presidents' Day,1
2031-04-11,Canada,Good Friday,1
2031-05-19,Canada,Victoria Day,1
2031-05-26,Company,Memorial Day,0
2031-05-26,US,Memorial Day,1
2031-06-19,US,Juneteenth,1
2031-07-01,Canada,Canada Day,1
2031-07-04,Company,Independence Day,0
2031-07-04,US,Independence Day,1
2031-08-04,Canada,Civic Holiday,1
2031-09-01,Canada,Labour Day,1
2031-09-01,Company,Labor Day,0
2031-09-01,US,Labor Day,1
2031-09-30,Canada,National Day for Truth and Reconciliation,1
2031-10-13,Canada,Canadian Thanksgiving,1
2031-11-27,Company,Thanksgiving,0
2031-11-27,US,Thanksgiving,1
2031-11-28,Company,Day after Thanksgiving,0
2031-11-28,US,Day after Thanksgiving,1
2031-12-25,Canada,Christmas Day,1
2031-12-25,Company,Christmas Day,0
2031-12-25,US,Christmas Day,1
2031-12-26,Canada,Boxing Day,1
2032-01-01,Canada,New Year's Day,1
2032-01-01,Company,New Year's Day,0
2032-01-01,US,New Year's Day,1
2032-01-19,US,MLK Day,1
2032-02-16,US,Presidents' Day,1
2032-03-26,Canada,Good Friday,1
2032-05-24,Canada,Victoria Day,1
2032-05-31,Company,Memorial Day,0
2032-05-31,US,Memorial Day,1
2032-06-19,US,Juneteenth,1
2032-07-01,Canada,Canada Day,1
2032-07-04,US,Independence Day,1
2032-07-05,Company,Independence Day (Observed),0
2032-08-02,Canada,Civic Holiday,1
2032-09-06,Canada,Labour Day,1
2032-09-06,Company,Labor Day,0
2032-09-06,US,Labor Day,1
2032-09-30,Canada,National Day for Truth and Reconciliation,1
2032-10-11,Canada,Canadian Thanksgiving,1
2032-11-25,Company,Thanksgiving,0
2032-11-25,US,Thanksgiving,1
2032-11-26,Company,Day after Thanksgiving,0
2032-11-26,US,Day after Thanksgiving,1
2032-12-24,Company,Christmas Day (Observed),0
2032-12-25,Canada,Christmas Day,1
2032-12-25,US,Christmas Day,1
2032-12-26,Canada,Boxing Day,1
2032-12-31,Company,New Year's Day (Observed),0
2033-01-01,Canada,New Year's Day,1
2033-01-01,US,New Year's Day,1
2033-01-17,US,MLK Day,1
2033-02-21,US,Presidents' Day,1
2033-04-15,Canada,Good Friday,1
2033-05-23,Canada,Victoria Day,1
2033-05-30,Company,Memorial Day,0
2033-05-30,US,Memorial Day,1
2033-06-19,US,Juneteenth,1
2033-07-01,Canada,Canada Day,1
2033-07-04,Company,Independence Day,0
2033-07-04,US,Independence Day,1
2033-08-01,Canada,Civic Holiday,1
2033-09-05,Canada,Labour Day,1
2033-09-05,Company,Labor Day,0
2033-09-05,US,Labor Day,1
2033-09-30,Canada,National Day for Truth and Reconciliation,1
2033-10-10,Canada,Canadian Thanksgiving,1
2033-11-24,Company,Thanksgiving,0
2033-11-24,US,Thanksgiving,1
2033-11-25,Company,Day after Thanksgiving,0
2033-11-25,US,Day after Thanksgiving,1
2033-12-25,Canada,Christmas Day,1
2033-12-25,US,Christmas Day,1
2033-12-26,Canada,Boxing Day,1
2033-12-26,Company,Christmas Day (Observed),0
2034-01-01,Canada,New Year's Day,1
2034-01-01,US,New Year's Day,1
2034-01-02,Company,New Year's Day (Observed),0
2034-01-16,US,MLK Day,1
2034-02-20,US,Presidents' Day,1
2034-04-07,Canada,Good Friday,1
2034-05-22,Canada,Victoria Day,1
2034-05-29,Company,Memorial Day,0
2034-05-29,US,Memorial Day,1
2034-06-19,US,Juneteenth,1
2034-07-01,Canada,Canada Day,1
2034-07-04,Company,Independence Day,0
2034-07-04,US,Independence Day,1
2034-08-07,Canada,Civic Holiday,1
2034-09-04,Canada,Labour Day,1
2034-09-04,Company,Labor Day,0
2034-09-04,US,Labor Day,1
2034-09-30,Canada,National Day for Truth and Reconciliation,1
2034-10-09,Canada,Canadian Thanksgiving,1
2034-11-23,Company,Thanksgiving,0
2034-11-23,US,Thanksgiving,1
2034-11-24,Company,Day after Thanksgiving,0
2034-11-24,US,Day after Thanksgiving,1
2034-12-25,Canada,Christmas Day,1
2034-12-25,Company,Christmas Day,0
2034-12-25,US,Christmas Day,1
2034-12-26,Canada,Boxing Day,1
2035-01-01,Canada,New Year's Day,1
2035-01-01,Company,New Year's Day,0
2035-01-01,US,New Year's Day,1
2035-01-15,US,MLK Day,1
2035-02-19,US,Presidents' Day,1
2035-03-23,Canada,Good Friday,1
2035-05-21,Canada,Victoria Day,1
2035-05-28,Company,Memorial Day,0
2035-05-28,US,Memorial Day,1
2035-06-19,US,Juneteenth,1
2035-07-01,Canada,Canada Day,1
2035-07-04,Company,Independence Day,0
2035-07-04,US,Independence Day,1
2035-08-06,Canada,Civic Holiday,1
2035-09-03,Canada,Labour Day,1
2035-09-03,Company,Labor Day,0
2035-09-03,US,Labor Day,1
2035-09-30,Canada,National Day for Truth and Reconciliation,1
2035-10-08,Canada,Canadian Thanksgiving,1
2035-11-22,Company,Thanksgiving,0
2035-11-22,US,Thanksgiving,1
2035-11-23,Company,Day after Thanksgiving,0
2035-11-23,US,Day after Thanksgiving,1
2035-12-25,Canada,Christmas Day,1
2035-12-25,Company,Christmas Day,0
2035-12-25,US,Christmas Day,1
2035-12-26,Canada,Boxing Day,1
2036-01-01,Canada,New Year's Day,1
2036-01-01,Company,New Year's Day,0
2036-01-01,US,New Year's Day,1
2036-01-21,US,MLK Day,1
2036-02-18,US,Presidents' Day,1
2036-04-11,Canada,Good Friday,1
2036-05-19,Canada,Victoria Day,1
2036-05-26,Company,Memorial Day,0
2036-05-26,US,Memorial Day,1
2036-06-19,US,Juneteenth,1
2036-07-01,Canada,Canada Day,1
2036-07-04,Company,Independence Day,0
2036-07-04,US,Independence Day,1
2036-08-04,Canada,Civic Holiday,1
2036-09-01,Canada,Labour Day,1
2036-09-01,Company,Labor Day,0
2036-09-01,US,Labor Day,1
2036-09-30,Canada,National Day for Truth and Reconciliation,1
2036-10-13,Canada,Canadian Thanksgiving,1
2036-11-27,Company,Thanksgiving,0
2036-11-27,US,Thanksgiving,1
2036-11-28,Company,Day after Thanksgiving,0
2036-11-28,US,Day after Thanksgiving,1
2036-12-25,Canada,Christmas Day,1
2036-12-25,Company,Christmas Day,0
2036-12-25,US,Christmas Day,1
2036-12-26,Canada,Boxing Day,1
