return_reason_code,return_reason_category,classification_owner,classified_date,notes
Small,Fit,Customer Service,2026-09-25,FACT_ORDERS_RETURNS v1.2 section 7.8 (CS5)
Large,Fit,Customer Service,2026-09-25,FACT_ORDERS_RETURNS v1.2 section 7.8 (CS5)
FitWrong,Fit,Customer Service,2026-09-25,FACT_ORDERS_RETURNS v1.2 section 7.8 (CS5)
SizeExch,Fit,Customer Service,2026-09-25,FACT_ORDERS_RETURNS v1.2 section 7.8 (CS5)
ChangeMind,Preference,Customer Service,2026-09-25,FACT_ORDERS_RETURNS v1.2 section 7.8 (CS5)
Style,Preference,Customer Service,2026-09-25,FACT_ORDERS_RETURNS v1.2 section 7.8 (CS5)
Color,Preference,Customer Service,2026-09-25,FACT_ORDERS_RETURNS v1.2 section 7.8 (CS5)
ColorIssue,Preference,Customer Service,2026-09-25,Added from the Sep 25 2026 profile (CS5)
Describe,Preference,Customer Service,2026-09-25,Added from the Sep 25 2026 profile (CS5)
Picture,Preference,Customer Service,2026-09-25,Added from the Sep 25 2026 profile (CS5)
Defective,Quality,Customer Service,2026-09-25,FACT_ORDERS_RETURNS v1.2 section 7.8 (CS5)
Damaged,Quality,Customer Service,2026-09-25,FACT_ORDERS_RETURNS v1.2 section 7.8 (CS5)
Mislabel,Quality,Customer Service,2026-09-25,FACT_ORDERS_RETURNS v1.2 section 7.8 (CS5)
Quality,Quality,Customer Service,2026-09-25,Added from the Sep 25 2026 profile (CS5)
Picking,Fulfillment,Customer Service,2026-09-25,FACT_ORDERS_RETURNS v1.2 section 7.8 (CS5)
Missing,Fulfillment,Customer Service,2026-09-25,FACT_ORDERS_RETURNS v1.2 section 7.8 (CS5)
Extra Item,Fulfillment,Customer Service,2026-09-25,FACT_ORDERS_RETURNS v1.2 section 7.8 (CS5)
DataEntry,Fulfillment,Customer Service,2026-09-25,FACT_ORDERS_RETURNS v1.2 section 7.8 (CS5)
Lost,Fulfillment,Customer Service,2026-09-25,FACT_ORDERS_RETURNS v1.2 section 7.8 (CS5)
Late,Fulfillment,Customer Service,2026-09-25,FACT_ORDERS_RETURNS v1.2 section 7.8 (CS5)
DateDelay,Fulfillment,Customer Service,2026-09-25,FACT_ORDERS_RETURNS v1.2 section 7.8 (CS5)
Lost Retur,Fulfillment,Customer Service,2026-09-25,FACT_ORDERS_RETURNS v1.2 section 7.8 (CS5)
System,Fulfillment,Customer Service,2026-09-25,Added from the Sep 25 2026 profile (CS5)
Packing,Fulfillment,Customer Service,2026-09-25,Added from the Sep 25 2026 profile (CS5)
Quantity,Fulfillment,Customer Service,2026-09-25,Added from the Sep 25 2026 profile (CS5)
CustError,Customer,Customer Service,2026-09-25,FACT_ORDERS_RETURNS v1.2 section 7.8 (CS5)
Refused,Customer,Customer Service,2026-09-25,FACT_ORDERS_RETURNS v1.2 section 7.8 (CS5)
NoRMA,Customer,Customer Service,2026-09-25,FACT_ORDERS_RETURNS v1.2 section 7.8 (CS5)
Rejected,Customer,Customer Service,2026-09-25,Added from the Sep 25 2026 profile (CS5)
Other,Other,Customer Service,2026-09-25,FACT_ORDERS_RETURNS v1.2 section 7.8 (CS5)
SampleRetu,Other,Customer Service,2026-09-25,FACT_ORDERS_RETURNS v1.2 section 7.8 (CS5)
PartialRef,Other,Customer Service,2026-09-25,FACT_ORDERS_RETURNS v1.2 section 7.8 (CS5)
DiscounRef,Other,Customer Service,2026-09-25,Added from the Sep 25 2026 profile (CS5)
,Other,Customer Service,2026-09-25,Blank-code row: a return order with no reason code on the D365 header (CS5)
