rule_id,priority,product_group,product_subgroup,gender,adult_child,style,brand,genre,age_look,size,size_weight,size_rank,is_core_size,size_system,size_sort_order,is_active,effective_start_date,effective_end_date,notes
BODY_MC,90,Dancewear,Bodywear,ALL,ALL,ALL,ALL,ALL,ALL,MC,0.218565,1,,,,1,2025-07-01,9999-12-31,FY24-26 Sales Curve - Bodywear (21.86% of units)
BODY_SC,90,Dancewear,Bodywear,ALL,ALL,ALL,ALL,ALL,ALL,SC,0.203229,2,,,,1,2025-07-01,9999-12-31,FY24-26 Sales Curve - Bodywear (20.32% of units)
BODY_LC,90,Dancewear,Bodywear,ALL,ALL,ALL,ALL,ALL,ALL,LC,0.132392,3,,,,1,2025-07-01,9999-12-31,FY24-26 Sales Curve - Bodywear (13.24% of units)
BODY_SA,90,Dancewear,Bodywear,ALL,ALL,ALL,ALL,ALL,ALL,SA,0.076885,4,,,,1,2025-07-01,9999-12-31,FY24-26 Sales Curve - Bodywear (7.69% of units)
BODY_MA,90,Dancewear,Bodywear,ALL,ALL,ALL,ALL,ALL,ALL,MA,0.055832,5,,,,1,2025-07-01,9999-12-31,FY24-26 Sales Curve - Bodywear (5.58% of units)
BODY_T,90,Dancewear,Bodywear,ALL,ALL,ALL,ALL,ALL,ALL,T,0.048741,6,,,,1,2025-07-01,9999-12-31,FY24-26 Sales Curve - Bodywear (4.87% of units)
BODY_SA_MA,90,Dancewear,Bodywear,ALL,ALL,ALL,ALL,ALL,ALL,SA/MA,0.045548,7,,,,1,2025-07-01,9999-12-31,FY24-26 Sales Curve - Bodywear (4.55% of units)
BODY_XLC,90,Dancewear,Bodywear,ALL,ALL,ALL,ALL,ALL,ALL,XLC,0.035442,8,,,,1,2025-07-01,9999-12-31,FY24-26 Sales Curve - Bodywear (3.54% of units)
BODY_SC_MC,90,Dancewear,Bodywear,ALL,ALL,ALL,ALL,ALL,ALL,SC/MC,0.032755,9,,,,1,2025-07-01,9999-12-31,FY24-26 Sales Curve - Bodywear (3.28% of units)
BODY_LA,90,Dancewear,Bodywear,ALL,ALL,ALL,ALL,ALL,ALL,LA,0.023543,10,,,,1,2025-07-01,9999-12-31,FY24-26 Sales Curve - Bodywear (2.35% of units)
BODY_MC_LC,90,Dancewear,Bodywear,ALL,ALL,ALL,ALL,ALL,ALL,MC/LC,0.020133,11,,,,1,2025-07-01,9999-12-31,FY24-26 Sales Curve - Bodywear (2.01% of units)
BODY_XSC,90,Dancewear,Bodywear,ALL,ALL,ALL,ALL,ALL,ALL,XSC,0.018446,12,,,,1,2025-07-01,9999-12-31,FY24-26 Sales Curve - Bodywear (1.84% of units)
BODY_LC_XLC,90,Dancewear,Bodywear,ALL,ALL,ALL,ALL,ALL,ALL,LC/XLC,0.012219,13,,,,1,2025-07-01,9999-12-31,FY24-26 Sales Curve - Bodywear (1.22% of units)
BODY_PT,90,Dancewear,Bodywear,ALL,ALL,ALL,ALL,ALL,ALL,PT,0.011439,14,,,,1,2025-07-01,9999-12-31,FY24-26 Sales Curve - Bodywear (1.14% of units)
BODY_T_SC,90,Dancewear,Bodywear,ALL,ALL,ALL,ALL,ALL,ALL,T/SC,0.010154,15,,,,1,2025-07-01,9999-12-31,FY24-26 Sales Curve - Bodywear (1.02% of units)
BODY_XLA,90,Dancewear,Bodywear,ALL,ALL,ALL,ALL,ALL,ALL,XLA,0.009532,16,,,,1,2025-07-01,9999-12-31,FY24-26 Sales Curve - Bodywear (0.95% of units)
BODY_L_XLA,90,Dancewear,Bodywear,ALL,ALL,ALL,ALL,ALL,ALL,L/XLA,0.007925,17,,,,1,2025-07-01,9999-12-31,FY24-26 Sales Curve - Bodywear (0.79% of units)
BODY_LA_XLA,90,Dancewear,Bodywear,ALL,ALL,ALL,ALL,ALL,ALL,LA/XLA,0.007506,18,,,,1,2025-07-01,9999-12-31,FY24-26 Sales Curve - Bodywear (0.75% of units)
BODY_PA,90,Dancewear,Bodywear,ALL,ALL,ALL,ALL,ALL,ALL,PA,0.006704,19,,,,1,2025-07-01,9999-12-31,FY24-26 Sales Curve - Bodywear (0.67% of units)
BODY_L_XLC,90,Dancewear,Bodywear,ALL,ALL,ALL,ALL,ALL,ALL,L/XLC,0.005786,20,,,,1,2025-07-01,9999-12-31,FY24-26 Sales Curve - Bodywear (0.58% of units)
BODY_P,90,Dancewear,Bodywear,ALL,ALL,ALL,ALL,ALL,ALL,P,0.005026,21,,,,1,2025-07-01,9999-12-31,FY24-26 Sales Curve - Bodywear (0.50% of units)
BODY_LC_PA,90,Dancewear,Bodywear,ALL,ALL,ALL,ALL,ALL,ALL,LC/PA,0.004337,22,,,,1,2025-07-01,9999-12-31,FY24-26 Sales Curve - Bodywear (0.43% of units)
BODY_XXLA,90,Dancewear,Bodywear,ALL,ALL,ALL,ALL,ALL,ALL,XXLA,0.002842,23,,,,1,2025-07-01,9999-12-31,FY24-26 Sales Curve - Bodywear (0.28% of units)
BODY_OS,90,Dancewear,Bodywear,ALL,ALL,ALL,ALL,ALL,ALL,OS,0.001877,24,,,,1,2025-07-01,9999-12-31,FY24-26 Sales Curve - Bodywear (0.19% of units)
BODY_XXLC,90,Dancewear,Bodywear,ALL,ALL,ALL,ALL,ALL,ALL,XXLC,0.001845,25,,,,1,2025-07-01,9999-12-31,FY24-26 Sales Curve - Bodywear (0.18% of units)
BODY_XSC_SC,90,Dancewear,Bodywear,ALL,ALL,ALL,ALL,ALL,ALL,XSC/SC,0.000633,26,,,,1,2025-07-01,9999-12-31,FY24-26 Sales Curve - Bodywear (0.06% of units)
BODY_XLC_XXLC,90,Dancewear,Bodywear,ALL,ALL,ALL,ALL,ALL,ALL,XLC/XXLC,0.000486,27,,,,1,2025-07-01,9999-12-31,FY24-26 Sales Curve - Bodywear (0.05% of units)
BODY_XXXLA,90,Dancewear,Bodywear,ALL,ALL,ALL,ALL,ALL,ALL,XXXLA,8.6e-05,28,,,,1,2025-07-01,9999-12-31,FY24-26 Sales Curve - Bodywear (0.01% of units)
BODY_2XL_3XL,90,Dancewear,Bodywear,ALL,ALL,ALL,ALL,ALL,ALL,2XL/3XL,8e-05,29,,,,1,2025-07-01,9999-12-31,FY24-26 Sales Curve - Bodywear (0.01% of units)
BODY_XXLA_XXXLA,90,Dancewear,Bodywear,ALL,ALL,ALL,ALL,ALL,ALL,XXLA/XXXLA,1.3e-05,30,,,,1,2025-07-01,9999-12-31,FY24-26 Sales Curve - Bodywear (0.00% of units)
COST_MC,90,Costume,Costume,ALL,ALL,ALL,ALL,ALL,ALL,MC,0.211002,1,,,,1,2025-07-01,9999-12-31,FY24-26 Sales Curve - Costume (21.10% of units)
COST_SA,90,Costume,Costume,ALL,ALL,ALL,ALL,ALL,ALL,SA,0.163466,2,,,,1,2025-07-01,9999-12-31,FY24-26 Sales Curve - Costume (16.35% of units)
COST_LC,90,Costume,Costume,ALL,ALL,ALL,ALL,ALL,ALL,LC,0.158648,3,,,,1,2025-07-01,9999-12-31,FY24-26 Sales Curve - Costume (15.86% of units)
COST_SC,90,Costume,Costume,ALL,ALL,ALL,ALL,ALL,ALL,SC,0.154065,4,,,,1,2025-07-01,9999-12-31,FY24-26 Sales Curve - Costume (15.41% of units)
COST_MA,90,Costume,Costume,ALL,ALL,ALL,ALL,ALL,ALL,MA,0.124139,5,,,,1,2025-07-01,9999-12-31,FY24-26 Sales Curve - Costume (12.41% of units)
COST_LA,90,Costume,Costume,ALL,ALL,ALL,ALL,ALL,ALL,LA,0.045487,6,,,,1,2025-07-01,9999-12-31,FY24-26 Sales Curve - Costume (4.55% of units)
COST_XLC,90,Costume,Costume,ALL,ALL,ALL,ALL,ALL,ALL,XLC,0.044592,7,,,,1,2025-07-01,9999-12-31,FY24-26 Sales Curve - Costume (4.46% of units)
COST_XSC,90,Costume,Costume,ALL,ALL,ALL,ALL,ALL,ALL,XSC,0.035135,8,,,,1,2025-07-01,9999-12-31,FY24-26 Sales Curve - Costume (3.51% of units)
COST_PA,90,Costume,Costume,ALL,ALL,ALL,ALL,ALL,ALL,PA,0.027308,9,,,,1,2025-07-01,9999-12-31,FY24-26 Sales Curve - Costume (2.73% of units)
COST_XLA,90,Costume,Costume,ALL,ALL,ALL,ALL,ALL,ALL,XLA,0.016318,10,,,,1,2025-07-01,9999-12-31,FY24-26 Sales Curve - Costume (1.63% of units)
COST_XXLC,90,Costume,Costume,ALL,ALL,ALL,ALL,ALL,ALL,XXLC,0.011362,11,,,,1,2025-07-01,9999-12-31,FY24-26 Sales Curve - Costume (1.14% of units)
COST_XXLA,90,Costume,Costume,ALL,ALL,ALL,ALL,ALL,ALL,XXLA,0.007164,12,,,,1,2025-07-01,9999-12-31,FY24-26 Sales Curve - Costume (0.72% of units)
COST_OSC,90,Costume,Costume,ALL,ALL,ALL,ALL,ALL,ALL,OSC,0.000388,13,,,,1,2025-07-01,9999-12-31,FY24-26 Sales Curve - Costume (0.04% of units)
COST_SA_MA,90,Costume,Costume,ALL,ALL,ALL,ALL,ALL,ALL,SA/MA,0.000294,14,,,,1,2025-07-01,9999-12-31,FY24-26 Sales Curve - Costume (0.03% of units)
COST_OSA,90,Costume,Costume,ALL,ALL,ALL,ALL,ALL,ALL,OSA,0.000216,15,,,,1,2025-07-01,9999-12-31,FY24-26 Sales Curve - Costume (0.02% of units)
COST_SC_MC,90,Costume,Costume,ALL,ALL,ALL,ALL,ALL,ALL,SC/MC,0.000142,16,,,,1,2025-07-01,9999-12-31,FY24-26 Sales Curve - Costume (0.01% of units)
COST_L_XLC,90,Costume,Costume,ALL,ALL,ALL,ALL,ALL,ALL,L/XLC,0.000121,17,,,,1,2025-07-01,9999-12-31,FY24-26 Sales Curve - Costume (0.01% of units)
COST_L_XLA,90,Costume,Costume,ALL,ALL,ALL,ALL,ALL,ALL,L/XLA,7.7e-05,18,,,,1,2025-07-01,9999-12-31,FY24-26 Sales Curve - Costume (0.01% of units)
COST_OS,90,Costume,Costume,ALL,ALL,ALL,ALL,ALL,ALL,OS,4.5e-05,19,,,,1,2025-07-01,9999-12-31,FY24-26 Sales Curve - Costume (0.00% of units)
COST_MC_LC,90,Costume,Costume,ALL,ALL,ALL,ALL,ALL,ALL,MC/LC,1.5e-05,20,,,,1,2025-07-01,9999-12-31,FY24-26 Sales Curve - Costume (0.00% of units)
COST_LC_PA,90,Costume,Costume,ALL,ALL,ALL,ALL,ALL,ALL,LC/PA,1.2e-05,21,,,,1,2025-07-01,9999-12-31,FY24-26 Sales Curve - Costume (0.00% of units)
COST_LA_XLA,90,Costume,Costume,ALL,ALL,ALL,ALL,ALL,ALL,LA/XLA,4e-06,22,,,,1,2025-07-01,9999-12-31,FY24-26 Sales Curve - Costume (0.00% of units)
SHOE_20A,90,Dancewear,Shoes,ALL,ALL,ALL,ALL,ALL,ALL,2.0A,0.07086,1,,,,1,2025-07-01,9999-12-31,FY24-26 Sales Curve - Shoes (7.09% of units)
SHOE_10A,90,Dancewear,Shoes,ALL,ALL,ALL,ALL,ALL,ALL,1.0A,0.069684,2,,,,1,2025-07-01,9999-12-31,FY24-26 Sales Curve - Shoes (6.97% of units)
SHOE_30A,90,Dancewear,Shoes,ALL,ALL,ALL,ALL,ALL,ALL,3.0A,0.068218,3,,,,1,2025-07-01,9999-12-31,FY24-26 Sales Curve - Shoes (6.82% of units)
SHOE_40A,90,Dancewear,Shoes,ALL,ALL,ALL,ALL,ALL,ALL,4.0A,0.062663,4,,,,1,2025-07-01,9999-12-31,FY24-26 Sales Curve - Shoes (6.27% of units)
SHOE_70A,90,Dancewear,Shoes,ALL,ALL,ALL,ALL,ALL,ALL,7.0A,0.062434,5,,,,1,2025-07-01,9999-12-31,FY24-26 Sales Curve - Shoes (6.24% of units)
SHOE_60A,90,Dancewear,Shoes,ALL,ALL,ALL,ALL,ALL,ALL,6.0A,0.061996,6,,,,1,2025-07-01,9999-12-31,FY24-26 Sales Curve - Shoes (6.20% of units)
SHOE_130C,90,Dancewear,Shoes,ALL,ALL,ALL,ALL,ALL,ALL,13.0C,0.060096,7,,,,1,2025-07-01,9999-12-31,FY24-26 Sales Curve - Shoes (6.01% of units)
SHOE_50A,90,Dancewear,Shoes,ALL,ALL,ALL,ALL,ALL,ALL,5.0A,0.058392,8,,,,1,2025-07-01,9999-12-31,FY24-26 Sales Curve - Shoes (5.84% of units)
SHOE_80A,90,Dancewear,Shoes,ALL,ALL,ALL,ALL,ALL,ALL,8.0A,0.058057,9,,,,1,2025-07-01,9999-12-31,FY24-26 Sales Curve - Shoes (5.81% of units)
SHOE_120C,90,Dancewear,Shoes,ALL,ALL,ALL,ALL,ALL,ALL,12.0C,0.050514,10,,,,1,2025-07-01,9999-12-31,FY24-26 Sales Curve - Shoes (5.05% of units)
SHOE_90A,90,Dancewear,Shoes,ALL,ALL,ALL,ALL,ALL,ALL,9.0A,0.043565,11,,,,1,2025-07-01,9999-12-31,FY24-26 Sales Curve - Shoes (4.36% of units)
SHOE_110C,90,Dancewear,Shoes,ALL,ALL,ALL,ALL,ALL,ALL,11.0C,0.03488,12,,,,1,2025-07-01,9999-12-31,FY24-26 Sales Curve - Shoes (3.49% of units)
SHOE_100A,90,Dancewear,Shoes,ALL,ALL,ALL,ALL,ALL,ALL,10.0A,0.027137,13,,,,1,2025-07-01,9999-12-31,FY24-26 Sales Curve - Shoes (2.71% of units)
SHOE_100C,90,Dancewear,Shoes,ALL,ALL,ALL,ALL,ALL,ALL,10.0C,0.019978,14,,,,1,2025-07-01,9999-12-31,FY24-26 Sales Curve - Shoes (2.00% of units)
SHOE_15A,90,Dancewear,Shoes,ALL,ALL,ALL,ALL,ALL,ALL,1.5A,0.014825,15,,,,1,2025-07-01,9999-12-31,FY24-26 Sales Curve - Shoes (1.48% of units)
SHOE_125C,90,Dancewear,Shoes,ALL,ALL,ALL,ALL,ALL,ALL,12.5C,0.014811,16,,,,1,2025-07-01,9999-12-31,FY24-26 Sales Curve - Shoes (1.48% of units)
SHOE_L,90,Dancewear,Shoes,ALL,ALL,ALL,ALL,ALL,ALL,L,0.014527,17,,,,1,2025-07-01,9999-12-31,FY24-26 Sales Curve - Shoes (1.45% of units)
SHOE_135C,90,Dancewear,Shoes,ALL,ALL,ALL,ALL,ALL,ALL,13.5C,0.013849,18,,,,1,2025-07-01,9999-12-31,FY24-26 Sales Curve - Shoes (1.38% of units)
SHOE_M,90,Dancewear,Shoes,ALL,ALL,ALL,ALL,ALL,ALL,M,0.013173,19,,,,1,2025-07-01,9999-12-31,FY24-26 Sales Curve - Shoes (1.32% of units)
SHOE_25A,90,Dancewear,Shoes,ALL,ALL,ALL,ALL,ALL,ALL,2.5A,0.012845,20,,,,1,2025-07-01,9999-12-31,FY24-26 Sales Curve - Shoes (1.28% of units)
SHOE_110A,90,Dancewear,Shoes,ALL,ALL,ALL,ALL,ALL,ALL,11.0A,0.012563,21,,,,1,2025-07-01,9999-12-31,FY24-26 Sales Curve - Shoes (1.26% of units)
SHOE_XL,90,Dancewear,Shoes,ALL,ALL,ALL,ALL,ALL,ALL,XL,0.012028,22,,,,1,2025-07-01,9999-12-31,FY24-26 Sales Curve - Shoes (1.20% of units)
SHOE_55A,90,Dancewear,Shoes,ALL,ALL,ALL,ALL,ALL,ALL,5.5A,0.01136,23,,,,1,2025-07-01,9999-12-31,FY24-26 Sales Curve - Shoes (1.14% of units)
SHOE_115C,90,Dancewear,Shoes,ALL,ALL,ALL,ALL,ALL,ALL,11.5C,0.011184,24,,,,1,2025-07-01,9999-12-31,FY24-26 Sales Curve - Shoes (1.12% of units)
SHOE_35A,90,Dancewear,Shoes,ALL,ALL,ALL,ALL,ALL,ALL,3.5A,0.010955,25,,,,1,2025-07-01,9999-12-31,FY24-26 Sales Curve - Shoes (1.10% of units)
SHOE_65A,90,Dancewear,Shoes,ALL,ALL,ALL,ALL,ALL,ALL,6.5A,0.010586,26,,,,1,2025-07-01,9999-12-31,FY24-26 Sales Curve - Shoes (1.06% of units)
SHOE_45A,90,Dancewear,Shoes,ALL,ALL,ALL,ALL,ALL,ALL,4.5A,0.010251,27,,,,1,2025-07-01,9999-12-31,FY24-26 Sales Curve - Shoes (1.03% of units)
SHOE_75A,90,Dancewear,Shoes,ALL,ALL,ALL,ALL,ALL,ALL,7.5A,0.009779,28,,,,1,2025-07-01,9999-12-31,FY24-26 Sales Curve - Shoes (0.98% of units)
SHOE_S,90,Dancewear,Shoes,ALL,ALL,ALL,ALL,ALL,ALL,S,0.008113,29,,,,1,2025-07-01,9999-12-31,FY24-26 Sales Curve - Shoes (0.81% of units)
SHOE_105C,90,Dancewear,Shoes,ALL,ALL,ALL,ALL,ALL,ALL,10.5C,0.007671,30,,,,1,2025-07-01,9999-12-31,FY24-26 Sales Curve - Shoes (0.77% of units)
SHOE_85A,90,Dancewear,Shoes,ALL,ALL,ALL,ALL,ALL,ALL,8.5A,0.007593,31,,,,1,2025-07-01,9999-12-31,FY24-26 Sales Curve - Shoes (0.76% of units)
SHOE_90C,90,Dancewear,Shoes,ALL,ALL,ALL,ALL,ALL,ALL,9.0C,0.006856,32,,,,1,2025-07-01,9999-12-31,FY24-26 Sales Curve - Shoes (0.69% of units)
SHOE_120A,90,Dancewear,Shoes,ALL,ALL,ALL,ALL,ALL,ALL,12.0A,0.006388,33,,,,1,2025-07-01,9999-12-31,FY24-26 Sales Curve - Shoes (0.64% of units)
SHOE_XXL,90,Dancewear,Shoes,ALL,ALL,ALL,ALL,ALL,ALL,XXL,0.005912,34,,,,1,2025-07-01,9999-12-31,FY24-26 Sales Curve - Shoes (0.59% of units)
SHOE_95A,90,Dancewear,Shoes,ALL,ALL,ALL,ALL,ALL,ALL,9.5A,0.004345,35,,,,1,2025-07-01,9999-12-31,FY24-26 Sales Curve - Shoes (0.43% of units)
SHOE_LA,90,Dancewear,Shoes,ALL,ALL,ALL,ALL,ALL,ALL,LA,0.004334,36,,,,1,2025-07-01,9999-12-31,FY24-26 Sales Curve - Shoes (0.43% of units)
SHOE_95C,90,Dancewear,Shoes,ALL,ALL,ALL,ALL,ALL,ALL,9.5C,0.00384,37,,,,1,2025-07-01,9999-12-31,FY24-26 Sales Curve - Shoes (0.38% of units)
SHOE_80C,90,Dancewear,Shoes,ALL,ALL,ALL,ALL,ALL,ALL,8.0C,0.003728,38,,,,1,2025-07-01,9999-12-31,FY24-26 Sales Curve - Shoes (0.37% of units)
SHOE_XS,90,Dancewear,Shoes,ALL,ALL,ALL,ALL,ALL,ALL,XS,0.003644,39,,,,1,2025-07-01,9999-12-31,FY24-26 Sales Curve - Shoes (0.36% of units)
SHOE_MA,90,Dancewear,Shoes,ALL,ALL,ALL,ALL,ALL,ALL,MA,0.003586,40,,,,1,2025-07-01,9999-12-31,FY24-26 Sales Curve - Shoes (0.36% of units)
SHOE_130A,90,Dancewear,Shoes,ALL,ALL,ALL,ALL,ALL,ALL,13.0A,0.003291,41,,,,1,2025-07-01,9999-12-31,FY24-26 Sales Curve - Shoes (0.33% of units)
SHOE_XLA,90,Dancewear,Shoes,ALL,ALL,ALL,ALL,ALL,ALL,XLA,0.002728,42,,,,1,2025-07-01,9999-12-31,FY24-26 Sales Curve - Shoes (0.27% of units)
SHOE_SA,90,Dancewear,Shoes,ALL,ALL,ALL,ALL,ALL,ALL,SA,0.001628,43,,,,1,2025-07-01,9999-12-31,FY24-26 Sales Curve - Shoes (0.16% of units)
SHOE_85C,90,Dancewear,Shoes,ALL,ALL,ALL,ALL,ALL,ALL,8.5C,0.001616,44,,,,1,2025-07-01,9999-12-31,FY24-26 Sales Curve - Shoes (0.16% of units)
SHOE_105A,90,Dancewear,Shoes,ALL,ALL,ALL,ALL,ALL,ALL,10.5A,0.001563,45,,,,1,2025-07-01,9999-12-31,FY24-26 Sales Curve - Shoes (0.16% of units)
SHOE_115A,90,Dancewear,Shoes,ALL,ALL,ALL,ALL,ALL,ALL,11.5A,0.000738,46,,,,1,2025-07-01,9999-12-31,FY24-26 Sales Curve - Shoes (0.07% of units)
SHOE_XSA,90,Dancewear,Shoes,ALL,ALL,ALL,ALL,ALL,ALL,XSA,0.000631,47,,,,1,2025-07-01,9999-12-31,FY24-26 Sales Curve - Shoes (0.06% of units)
SHOE_125A,90,Dancewear,Shoes,ALL,ALL,ALL,ALL,ALL,ALL,12.5A,0.000372,48,,,,1,2025-07-01,9999-12-31,FY24-26 Sales Curve - Shoes (0.04% of units)
SHOE_140A,90,Dancewear,Shoes,ALL,ALL,ALL,ALL,ALL,ALL,14.0A,9e-05,49,,,,1,2025-07-01,9999-12-31,FY24-26 Sales Curve - Shoes (0.01% of units)
SHOE_135A,90,Dancewear,Shoes,ALL,ALL,ALL,ALL,ALL,ALL,13.5A,3.6e-05,50,,,,1,2025-07-01,9999-12-31,FY24-26 Sales Curve - Shoes (0.00% of units)
SHOE_150A,90,Dancewear,Shoes,ALL,ALL,ALL,ALL,ALL,ALL,15.0A,3e-05,51,,,,1,2025-07-01,9999-12-31,FY24-26 Sales Curve - Shoes (0.00% of units)
SHOE_160A,90,Dancewear,Shoes,ALL,ALL,ALL,ALL,ALL,ALL,16.0A,3e-05,52,,,,1,2025-07-01,9999-12-31,FY24-26 Sales Curve - Shoes (0.00% of units)
SHOE_155A,90,Dancewear,Shoes,ALL,ALL,ALL,ALL,ALL,ALL,15.5A,2e-05,53,,,,1,2025-07-01,9999-12-31,FY24-26 Sales Curve - Shoes (0.00% of units)
SHOE_145A,90,Dancewear,Shoes,ALL,ALL,ALL,ALL,ALL,ALL,14.5A,1e-05,54,,,,1,2025-07-01,9999-12-31,FY24-26 Sales Curve - Shoes (0.00% of units)
TGHT_MC,90,Dancewear,Tights,ALL,ALL,ALL,ALL,ALL,ALL,MC,0.226667,1,,,,1,2025-07-01,9999-12-31,FY24-26 Sales Curve - Tights (22.67% of units)
TGHT_SC,90,Dancewear,Tights,ALL,ALL,ALL,ALL,ALL,ALL,SC,0.208717,2,,,,1,2025-07-01,9999-12-31,FY24-26 Sales Curve - Tights (20.87% of units)
TGHT_LC,90,Dancewear,Tights,ALL,ALL,ALL,ALL,ALL,ALL,LC,0.156432,3,,,,1,2025-07-01,9999-12-31,FY24-26 Sales Curve - Tights (15.64% of units)
TGHT_SA,90,Dancewear,Tights,ALL,ALL,ALL,ALL,ALL,ALL,SA,0.136448,4,,,,1,2025-07-01,9999-12-31,FY24-26 Sales Curve - Tights (13.64% of units)
TGHT_MA,90,Dancewear,Tights,ALL,ALL,ALL,ALL,ALL,ALL,MA,0.095737,5,,,,1,2025-07-01,9999-12-31,FY24-26 Sales Curve - Tights (9.57% of units)
TGHT_T,90,Dancewear,Tights,ALL,ALL,ALL,ALL,ALL,ALL,T,0.048166,6,,,,1,2025-07-01,9999-12-31,FY24-26 Sales Curve - Tights (4.82% of units)
TGHT_LA,90,Dancewear,Tights,ALL,ALL,ALL,ALL,ALL,ALL,LA,0.043375,7,,,,1,2025-07-01,9999-12-31,FY24-26 Sales Curve - Tights (4.34% of units)
TGHT_XLC,90,Dancewear,Tights,ALL,ALL,ALL,ALL,ALL,ALL,XLC,0.034595,8,,,,1,2025-07-01,9999-12-31,FY24-26 Sales Curve - Tights (3.46% of units)
TGHT_XLA,90,Dancewear,Tights,ALL,ALL,ALL,ALL,ALL,ALL,XLA,0.016306,9,,,,1,2025-07-01,9999-12-31,FY24-26 Sales Curve - Tights (1.63% of units)
TGHT_SA_MA,90,Dancewear,Tights,ALL,ALL,ALL,ALL,ALL,ALL,SA/MA,0.008597,10,,,,1,2025-07-01,9999-12-31,FY24-26 Sales Curve - Tights (0.86% of units)
TGHT_OSC,90,Dancewear,Tights,ALL,ALL,ALL,ALL,ALL,ALL,OSC,0.005793,11,,,,1,2025-07-01,9999-12-31,FY24-26 Sales Curve - Tights (0.58% of units)
TGHT_XXLA,90,Dancewear,Tights,ALL,ALL,ALL,ALL,ALL,ALL,XXLA,0.005265,12,,,,1,2025-07-01,9999-12-31,FY24-26 Sales Curve - Tights (0.53% of units)
TGHT_MC_LC,90,Dancewear,Tights,ALL,ALL,ALL,ALL,ALL,ALL,MC/LC,0.004602,13,,,,1,2025-07-01,9999-12-31,FY24-26 Sales Curve - Tights (0.46% of units)
TGHT_L_XLA,90,Dancewear,Tights,ALL,ALL,ALL,ALL,ALL,ALL,L/XLA,0.002436,14,,,,1,2025-07-01,9999-12-31,FY24-26 Sales Curve - Tights (0.24% of units)
TGHT_OSA,90,Dancewear,Tights,ALL,ALL,ALL,ALL,ALL,ALL,OSA,0.001379,15,,,,1,2025-07-01,9999-12-31,FY24-26 Sales Curve - Tights (0.14% of units)
TGHT_LC_XLC,90,Dancewear,Tights,ALL,ALL,ALL,ALL,ALL,ALL,LC/XLC,0.000874,16,,,,1,2025-07-01,9999-12-31,FY24-26 Sales Curve - Tights (0.09% of units)
TGHT_S_M,90,Dancewear,Tights,ALL,ALL,ALL,ALL,ALL,ALL,S/M,0.000864,17,,,,1,2025-07-01,9999-12-31,FY24-26 Sales Curve - Tights (0.09% of units)
TGHT_SC_MC,90,Dancewear,Tights,ALL,ALL,ALL,ALL,ALL,ALL,SC/MC,0.000764,18,,,,1,2025-07-01,9999-12-31,FY24-26 Sales Curve - Tights (0.08% of units)
TGHT_M_L,90,Dancewear,Tights,ALL,ALL,ALL,ALL,ALL,ALL,M/L,0.000687,19,,,,1,2025-07-01,9999-12-31,FY24-26 Sales Curve - Tights (0.07% of units)
TGHT_T_SC,90,Dancewear,Tights,ALL,ALL,ALL,ALL,ALL,ALL,T/SC,0.000645,20,,,,1,2025-07-01,9999-12-31,FY24-26 Sales Curve - Tights (0.06% of units)
TGHT_LA_XLA,90,Dancewear,Tights,ALL,ALL,ALL,ALL,ALL,ALL,LA/XLA,0.000579,21,,,,1,2025-07-01,9999-12-31,FY24-26 Sales Curve - Tights (0.06% of units)
TGHT_XXXLA,90,Dancewear,Tights,ALL,ALL,ALL,ALL,ALL,ALL,XXXLA,0.000493,22,,,,1,2025-07-01,9999-12-31,FY24-26 Sales Curve - Tights (0.05% of units)
TGHT_L_XL,90,Dancewear,Tights,ALL,ALL,ALL,ALL,ALL,ALL,L/XL,0.000297,23,,,,1,2025-07-01,9999-12-31,FY24-26 Sales Curve - Tights (0.03% of units)
TGHT_XXXXLA,90,Dancewear,Tights,ALL,ALL,ALL,ALL,ALL,ALL,XXXXLA,0.000223,24,,,,1,2025-07-01,9999-12-31,FY24-26 Sales Curve - Tights (0.02% of units)
TGHT_T_S,90,Dancewear,Tights,ALL,ALL,ALL,ALL,ALL,ALL,T/S,6e-05,25,,,,1,2025-07-01,9999-12-31,FY24-26 Sales Curve - Tights (0.01% of units)
